Order ID,Client Order ID,Instrument,Side,Exec Status,Quantity,Price,Reason,Transaction Time
ord1,ORD00001,Rose,1,New,10,12.50,,20260328-215234
ord2,ORD00002,Rose,2,New,20,12.60,,20260328-215234
ord3,ORD00003,Rose,1,New,20,12.40,,20260328-215234
ord4,ORD00004,Rose,2,New,30,12.70,,20260328-215234
ord5,ORD00005,Rose,1,New,30,12.55,,20260328-215234
ord6,ORD00006,Rose,2,New,40,12.65,,20260328-215234
ord7,ORD00007,Rose,1,New,40,12.45,,20260328-215234
ord8,ORD00008,Rose,2,New,50,12.75,,20260328-215234
ord9,ORD00009,Rose,1,New,50,12.52,,20260328-215234
ord10,ORD00010,Rose,2,New,60,12.68,,20260328-215234
ord11,ORD00011,Tulip,1,New,10,8.10,,20260328-215234
ord12,ORD00012,Tulip,2,New,20,8.20,,20260328-215234
ord13,ORD00013,Tulip,1,New,30,8.05,,20260328-215234
ord14,ORD00014,Tulip,2,New,40,8.25,,20260328-215234
ord15,ORD00015,Tulip,1,New,50,8.12,,20260328-215234
ord16,ORD00016,Tulip,2,New,60,8.22,,20260328-215234
ord17,ORD00017,Tulip,1,New,70,8.08,,20260328-215234
ord18,ORD00018,Tulip,2,New,80,8.28,,20260328-215234
ord19,ORD00019,Tulip,1,New,90,8.15,,20260328-215234
ord20,ORD00020,Tulip,2,New,100,8.30,,20260328-215234
ord21,ORD00021,Lotus,1,New,10,15.00,,20260328-215234
ord22,ORD00022,Lotus,2,New,20,15.10,,20260328-215234
ord23,ORD00023,Lotus,1,New,30,14.95,,20260328-215234
ord24,ORD00024,Lotus,2,New,40,15.15,,20260328-215234
ord25,ORD00025,Lotus,1,New,50,15.05,,20260328-215234
ord26,ORD00026,Lotus,2,New,60,15.12,,20260328-215234
ord27,ORD00027,Lotus,1,New,70,15.02,,20260328-215234
ord28,ORD00028,Lotus,2,New,80,15.18,,20260328-215234
ord29,ORD00029,Lotus,1,New,90,15.08,,20260328-215234
ord30,ORD00030,Lotus,2,New,100,15.20,,20260328-215234
ord31,ORD00031,Orchid,1,New,10,20.50,,20260328-215234
ord32,ORD00032,Orchid,2,New,20,20.60,,20260328-215234
ord33,ORD00033,Orchid,1,New,30,20.45,,20260328-215234
ord34,ORD00034,Orchid,2,New,40,20.65,,20260328-215234
ord35,ORD00035,Orchid,1,New,50,20.55,,20260328-215234
ord36,ORD00036,Orchid,2,New,60,20.70,,20260328-215234
ord37,ORD00037,Orchid,1,New,70,20.52,,20260328-215234
ord38,ORD00038,Orchid,2,New,80,20.75,,20260328-215234
ord39,ORD00039,Orchid,1,New,90,20.58,,20260328-215234
ord40,ORD00040,Orchid,2,New,100,20.80,,20260328-215234
ord41,ORD00041,Lavender,1,New,10,5.10,,20260328-215234
ord42,ORD00042,Lavender,2,New,20,5.20,,20260328-215234
ord43,ORD00043,Lavender,1,New,30,5.05,,20260328-215234
ord44,ORD00044,Lavender,2,New,40,5.25,,20260328-215234
ord45,ORD00045,Lavender,1,New,50,5.12,,20260328-215234
ord46,ORD00046,Lavender,2,New,60,5.22,,20260328-215234
ord47,ORD00047,Lavender,1,New,70,5.08,,20260328-215234
ord48,ORD00048,Lavender,2,New,80,5.28,,20260328-215234
ord49,ORD00049,Lavender,1,New,90,5.15,,20260328-215234
ord50,ORD00050,Lavender,2,New,100,5.30,,20260328-215234
ord51,ORD00051,Rose,1,New,60,12.53,,20260328-215234
ord52,ORD00052,Rose,2,New,70,12.63,,20260328-215234
ord53,ORD00053,Rose,1,New,80,12.47,,20260328-215234
ord54,ORD00054,Rose,2,New,90,12.77,,20260328-215234
ord55,ORD00055,Rose,1,New,100,12.57,,20260328-215234
ord56,ORD00056,Rose,2,New,110,12.67,,20260328-215234
ord57,ORD00057,Rose,1,New,120,12.49,,20260328-215234
ord58,ORD00058,Rose,2,New,130,12.79,,20260328-215234
ord59,ORD00059,Rose,1,New,140,12.54,,20260328-215234
ord60,ORD00060,Rose,2,New,150,12.69,,20260328-215234
ord61,ORD00061,Tulip,1,New,110,8.18,,20260328-215234
ord62,ORD00062,Tulip,2,New,120,8.23,,20260328-215234
ord63,ORD00063,Tulip,1,New,130,8.09,,20260328-215234
ord64,ORD00064,Tulip,2,New,140,8.27,,20260328-215234
ord65,ORD00065,Tulip,1,New,150,8.13,,20260328-215234
ord66,ORD00066,Tulip,2,New,160,8.21,,20260328-215234
ord67,ORD00067,Tulip,1,New,170,8.11,,20260328-215234
ord68,ORD00068,Tulip,2,New,180,8.29,,20260328-215234
ord69,ORD00069,Tulip,1,New,190,8.17,,20260328-215234
ord70,ORD00070,Tulip,2,New,200,8.31,,20260328-215234
ord71,ORD00071,Lotus,1,New,110,15.03,,20260328-215234
ord72,ORD00072,Lotus,2,New,120,15.13,,20260328-215234
ord73,ORD00073,Lotus,1,New,130,14.97,,20260328-215234
ord74,ORD00074,Lotus,2,New,140,15.17,,20260328-215234
ord75,ORD00075,Lotus,1,New,150,15.07,,20260328-215234
ord76,ORD00076,Lotus,2,New,160,15.11,,20260328-215234
ord77,ORD00077,Lotus,1,New,170,15.01,,20260328-215234
ord78,ORD00078,Lotus,2,New,180,15.19,,20260328-215234
ord79,ORD00079,Lotus,1,New,190,15.09,,20260328-215234
ord80,ORD00080,Lotus,2,New,200,15.21,,20260328-215234
ord81,ORD00081,Orchid,1,New,110,20.53,,20260328-215234
ord82,ORD00082,Orchid,2,New,120,20.63,,20260328-215234
ord83,ORD00083,Orchid,1,New,130,20.47,,20260328-215234
ord84,ORD00084,Orchid,2,New,140,20.67,,20260328-215234
ord85,ORD00085,Orchid,1,New,150,20.57,,20260328-215234
ord86,ORD00086,Orchid,2,New,160,20.77,,20260328-215234
ord87,ORD00087,Orchid,1,New,170,20.51,,20260328-215234
ord88,ORD00088,Orchid,2,New,180,20.73,,20260328-215234
ord89,ORD00089,Orchid,1,New,190,20.59,,20260328-215234
ord90,ORD00090,Orchid,2,New,200,20.81,,20260328-215234
ord91,ORD00091,Lavender,1,New,110,5.13,,20260328-215234
ord92,ORD00092,Lavender,2,New,120,5.23,,20260328-215234
ord93,ORD00093,Lavender,1,New,130,5.07,,20260328-215234
ord94,ORD00094,Lavender,2,New,140,5.27,,20260328-215234
ord95,ORD00095,Lavender,1,New,150,5.11,,20260328-215234
ord96,ORD00096,Lavender,2,New,160,5.29,,20260328-215234
ord97,ORD00097,Lavender,1,New,170,5.09,,20260328-215234
ord98,ORD00098,Lavender,2,New,180,5.31,,20260328-215234
ord99,ORD00099,Lavender,1,New,190,5.16,,20260328-215234
ord100,ORD00100,Lavender,2,New,200,5.32,,20260328-215234
ord101,ORD00001,Rose,1,New,10,12.50,,20260328-215234
ord102,ORD00002,Rose,2,New,20,12.60,,20260328-215234
ord103,ORD00003,Rose,1,New,20,12.40,,20260328-215234
ord104,ORD00004,Rose,2,New,30,12.70,,20260328-215234
ord105,ORD00005,Rose,1,New,30,12.55,,20260328-215234
ord106,ORD00006,Rose,2,New,40,12.65,,20260328-215234
ord107,ORD00007,Rose,1,New,40,12.45,,20260328-215234
ord108,ORD00008,Rose,2,New,50,12.75,,20260328-215234
ord109,ORD00009,Rose,1,New,50,12.52,,20260328-215234
ord110,ORD00010,Rose,2,New,60,12.68,,20260328-215234
ord111,ORD00011,Tulip,1,New,10,8.10,,20260328-215234
ord112,ORD00012,Tulip,2,New,20,8.20,,20260328-215234
ord113,ORD00013,Tulip,1,New,30,8.05,,20260328-215234
ord114,ORD00014,Tulip,2,New,40,8.25,,20260328-215234
ord115,ORD00015,Tulip,1,New,50,8.12,,20260328-215234
ord116,ORD00016,Tulip,2,New,60,8.22,,20260328-215234
ord117,ORD00017,Tulip,1,New,70,8.08,,20260328-215234
ord118,ORD00018,Tulip,2,New,80,8.28,,20260328-215234
ord119,ORD00019,Tulip,1,New,90,8.15,,20260328-215234
ord120,ORD00020,Tulip,2,New,100,8.30,,20260328-215234
ord121,ORD00021,Lotus,1,New,10,15.00,,20260328-215234
ord122,ORD00022,Lotus,2,New,20,15.10,,20260328-215234
ord123,ORD00023,Lotus,1,New,30,14.95,,20260328-215234
ord124,ORD00024,Lotus,2,New,40,15.15,,20260328-215234
ord125,ORD00025,Lotus,1,New,50,15.05,,20260328-215234
ord126,ORD00026,Lotus,2,New,60,15.12,,20260328-215234
ord127,ORD00027,Lotus,1,New,70,15.02,,20260328-215234
ord128,ORD00028,Lotus,2,New,80,15.18,,20260328-215234
ord129,ORD00029,Lotus,1,New,90,15.08,,20260328-215234
ord130,ORD00030,Lotus,2,New,100,15.20,,20260328-215234
ord131,ORD00031,Orchid,1,New,10,20.50,,20260328-215234
ord132,ORD00032,Orchid,2,New,20,20.60,,20260328-215234
ord133,ORD00033,Orchid,1,New,30,20.45,,20260328-215234
ord134,ORD00034,Orchid,2,New,40,20.65,,20260328-215234
ord135,ORD00035,Orchid,1,New,50,20.55,,20260328-215234
ord136,ORD00036,Orchid,2,New,60,20.70,,20260328-215234
ord137,ORD00037,Orchid,1,New,70,20.52,,20260328-215234
ord138,ORD00038,Orchid,2,New,80,20.75,,20260328-215234
ord139,ORD00039,Orchid,1,New,90,20.58,,20260328-215234
ord140,ORD00040,Orchid,2,New,100,20.80,,20260328-215234
ord141,ORD00041,Lavender,1,New,10,5.10,,20260328-215234
ord142,ORD00042,Lavender,2,New,20,5.20,,20260328-215234
ord143,ORD00043,Lavender,1,New,30,5.05,,20260328-215234
ord144,ORD00044,Lavender,2,New,40,5.25,,20260328-215234
ord145,ORD00045,Lavender,1,New,50,5.12,,20260328-215234
ord146,ORD00046,Lavender,2,New,60,5.22,,20260328-215234
ord147,ORD00047,Lavender,1,New,70,5.08,,20260328-215234
ord148,ORD00048,Lavender,2,New,80,5.28,,20260328-215234
ord149,ORD00049,Lavender,1,New,90,5.15,,20260328-215234
ord150,ORD00050,Lavender,2,New,100,5.30,,20260328-215234
ord151,ORD00051,Rose,1,New,60,12.53,,20260328-215234
ord152,ORD00052,Rose,2,New,70,12.63,,20260328-215234
ord153,ORD00053,Rose,1,New,80,12.47,,20260328-215234
ord154,ORD00054,Rose,2,New,90,12.77,,20260328-215234
ord155,ORD00055,Rose,1,New,100,12.57,,20260328-215234
ord156,ORD00056,Rose,2,New,110,12.67,,20260328-215234
ord157,ORD00057,Rose,1,New,120,12.49,,20260328-215234
ord158,ORD00058,Rose,2,New,130,12.79,,20260328-215234
ord159,ORD00059,Rose,1,New,140,12.54,,20260328-215234
ord160,ORD00060,Rose,2,New,150,12.69,,20260328-215234
ord161,ORD00061,Tulip,1,New,110,8.18,,20260328-215234
ord162,ORD00062,Tulip,2,New,120,8.23,,20260328-215234
ord163,ORD00063,Tulip,1,New,130,8.09,,20260328-215234
ord164,ORD00064,Tulip,2,New,140,8.27,,20260328-215234
ord165,ORD00065,Tulip,1,New,150,8.13,,20260328-215234
ord166,ORD00066,Tulip,2,New,160,8.21,,20260328-215234
ord167,ORD00067,Tulip,1,New,170,8.11,,20260328-215234
ord168,ORD00068,Tulip,2,New,180,8.29,,20260328-215234
ord169,ORD00069,Tulip,1,New,190,8.17,,20260328-215234
ord170,ORD00070,Tulip,2,New,200,8.31,,20260328-215234
ord171,ORD00071,Lotus,1,New,110,15.03,,20260328-215234
ord172,ORD00072,Lotus,2,New,120,15.13,,20260328-215234
ord173,ORD00073,Lotus,1,New,130,14.97,,20260328-215234
ord174,ORD00074,Lotus,2,New,140,15.17,,20260328-215234
ord175,ORD00075,Lotus,1,New,150,15.07,,20260328-215234
ord176,ORD00076,Lotus,2,New,160,15.11,,20260328-215234
ord177,ORD00077,Lotus,1,New,170,15.01,,20260328-215234
ord178,ORD00078,Lotus,2,New,180,15.19,,20260328-215234
ord179,ORD00079,Lotus,1,New,190,15.09,,20260328-215234
ord180,ORD00080,Lotus,2,New,200,15.21,,20260328-215234
ord181,ORD00081,Orchid,1,New,110,20.53,,20260328-215234
ord182,ORD00082,Orchid,2,New,120,20.63,,20260328-215234
ord183,ORD00083,Orchid,1,New,130,20.47,,20260328-215234
ord184,ORD00084,Orchid,2,New,140,20.67,,20260328-215234
ord185,ORD00085,Orchid,1,New,150,20.57,,20260328-215234
ord186,ORD00086,Orchid,2,New,160,20.77,,20260328-215234
ord187,ORD00087,Orchid,1,New,170,20.51,,20260328-215234
ord188,ORD00088,Orchid,2,New,180,20.73,,20260328-215234
ord189,ORD00089,Orchid,1,New,190,20.59,,20260328-215234
ord190,ORD00090,Orchid,2,New,200,20.81,,20260328-215234
ord191,ORD00091,Lavender,1,New,110,5.13,,20260328-215234
ord192,ORD00092,Lavender,2,New,120,5.23,,20260328-215234
ord193,ORD00093,Lavender,1,New,130,5.07,,20260328-215234
ord194,ORD00094,Lavender,2,New,140,5.27,,20260328-215234
ord195,ORD00095,Lavender,1,New,150,5.11,,20260328-215234
ord196,ORD00096,Lavender,2,New,160,5.29,,20260328-215234
ord197,ORD00097,Lavender,1,New,170,5.09,,20260328-215234
ord198,ORD00098,Lavender,2,New,180,5.31,,20260328-215234
ord199,ORD00099,Lavender,1,New,190,5.16,,20260328-215234
ord200,ORD00100,Lavender,2,New,200,5.32,,20260328-215234
ord201,ORD00001,Rose,1,New,10,12.50,,20260328-215234
ord202,ORD00002,Rose,2,New,20,12.60,,20260328-215234
ord203,ORD00003,Rose,1,New,20,12.40,,20260328-215234
ord204,ORD00004,Rose,2,New,30,12.70,,20260328-215234
ord205,ORD00005,Rose,1,New,30,12.55,,20260328-215234
ord206,ORD00006,Rose,2,New,40,12.65,,20260328-215234
ord207,ORD00007,Rose,1,New,40,12.45,,20260328-215234
ord208,ORD00008,Rose,2,New,50,12.75,,20260328-215234
ord209,ORD00009,Rose,1,New,50,12.52,,20260328-215234
ord210,ORD00010,Rose,2,New,60,12.68,,20260328-215234
ord211,ORD00011,Tulip,1,New,10,8.10,,20260328-215234
ord212,ORD00012,Tulip,2,New,20,8.20,,20260328-215234
ord213,ORD00013,Tulip,1,New,30,8.05,,20260328-215234
ord214,ORD00014,Tulip,2,New,40,8.25,,20260328-215234
ord215,ORD00015,Tulip,1,New,50,8.12,,20260328-215234
ord216,ORD00016,Tulip,2,New,60,8.22,,20260328-215234
ord217,ORD00017,Tulip,1,New,70,8.08,,20260328-215234
ord218,ORD00018,Tulip,2,New,80,8.28,,20260328-215234
ord219,ORD00019,Tulip,1,New,90,8.15,,20260328-215234
ord220,ORD00020,Tulip,2,New,100,8.30,,20260328-215234
ord221,ORD00021,Lotus,1,New,10,15.00,,20260328-215234
ord222,ORD00022,Lotus,2,New,20,15.10,,20260328-215234
ord223,ORD00023,Lotus,1,New,30,14.95,,20260328-215234
ord224,ORD00024,Lotus,2,New,40,15.15,,20260328-215234
ord225,ORD00025,Lotus,1,New,50,15.05,,20260328-215234
ord226,ORD00026,Lotus,2,New,60,15.12,,20260328-215234
ord227,ORD00027,Lotus,1,New,70,15.02,,20260328-215234
ord228,ORD00028,Lotus,2,New,80,15.18,,20260328-215234
ord229,ORD00029,Lotus,1,New,90,15.08,,20260328-215234
ord230,ORD00030,Lotus,2,New,100,15.20,,20260328-215234
ord231,ORD00031,Orchid,1,New,10,20.50,,20260328-215234
ord232,ORD00032,Orchid,2,New,20,20.60,,20260328-215234
ord233,ORD00033,Orchid,1,New,30,20.45,,20260328-215234
ord234,ORD00034,Orchid,2,New,40,20.65,,20260328-215234
ord235,ORD00035,Orchid,1,New,50,20.55,,20260328-215234
ord236,ORD00036,Orchid,2,New,60,20.70,,20260328-215234
ord237,ORD00037,Orchid,1,New,70,20.52,,20260328-215234
ord238,ORD00038,Orchid,2,New,80,20.75,,20260328-215234
ord239,ORD00039,Orchid,1,New,90,20.58,,20260328-215234
ord240,ORD00040,Orchid,2,New,100,20.80,,20260328-215234
ord241,ORD00041,Lavender,1,New,10,5.10,,20260328-215234
ord242,ORD00042,Lavender,2,New,20,5.20,,20260328-215234
ord243,ORD00043,Lavender,1,New,30,5.05,,20260328-215234
ord244,ORD00044,Lavender,2,New,40,5.25,,20260328-215234
ord245,ORD00045,Lavender,1,New,50,5.12,,20260328-215234
ord246,ORD00046,Lavender,2,New,60,5.22,,20260328-215234
ord247,ORD00047,Lavender,1,New,70,5.08,,20260328-215234
ord248,ORD00048,Lavender,2,New,80,5.28,,20260328-215234
ord249,ORD00049,Lavender,1,New,90,5.15,,20260328-215234
ord250,ORD00050,Lavender,2,New,100,5.30,,20260328-215234
ord251,ORD00051,Rose,1,New,60,12.53,,20260328-215234
ord252,ORD00052,Rose,2,New,70,12.63,,20260328-215234
ord253,ORD00053,Rose,1,New,80,12.47,,20260328-215234
ord254,ORD00054,Rose,2,New,90,12.77,,20260328-215234
ord255,ORD00055,Rose,1,New,100,12.57,,20260328-215234
ord256,ORD00056,Rose,2,New,110,12.67,,20260328-215234
ord257,ORD00057,Rose,1,New,120,12.49,,20260328-215234
ord258,ORD00058,Rose,2,New,130,12.79,,20260328-215234
ord259,ORD00059,Rose,1,New,140,12.54,,20260328-215234
ord260,ORD00060,Rose,2,New,150,12.69,,20260328-215234
ord261,ORD00061,Tulip,1,New,110,8.18,,20260328-215234
ord262,ORD00062,Tulip,2,New,120,8.23,,20260328-215234
ord263,ORD00063,Tulip,1,New,130,8.09,,20260328-215234
ord264,ORD00064,Tulip,2,New,140,8.27,,20260328-215234
ord265,ORD00065,Tulip,1,New,150,8.13,,20260328-215234
ord266,ORD00066,Tulip,2,New,160,8.21,,20260328-215234
ord267,ORD00067,Tulip,1,New,170,8.11,,20260328-215234
ord268,ORD00068,Tulip,2,New,180,8.29,,20260328-215234
ord269,ORD00069,Tulip,1,New,190,8.17,,20260328-215234
ord270,ORD00070,Tulip,2,New,200,8.31,,20260328-215234
ord271,ORD00071,Lotus,1,New,110,15.03,,20260328-215234
ord272,ORD00072,Lotus,2,New,120,15.13,,20260328-215234
ord273,ORD00073,Lotus,1,New,130,14.97,,20260328-215234
ord274,ORD00074,Lotus,2,New,140,15.17,,20260328-215234
ord275,ORD00075,Lotus,1,New,150,15.07,,20260328-215234
ord276,ORD00076,Lotus,2,New,160,15.11,,20260328-215234
ord277,ORD00077,Lotus,1,New,170,15.01,,20260328-215234
ord278,ORD00078,Lotus,2,New,180,15.19,,20260328-215234
ord279,ORD00079,Lotus,1,New,190,15.09,,20260328-215234
ord280,ORD00080,Lotus,2,New,200,15.21,,20260328-215234
ord281,ORD00081,Orchid,1,New,110,20.53,,20260328-215234
ord282,ORD00082,Orchid,2,New,120,20.63,,20260328-215234
ord283,ORD00083,Orchid,1,New,130,20.47,,20260328-215234
ord284,ORD00084,Orchid,2,New,140,20.67,,20260328-215234
ord285,ORD00085,Orchid,1,New,150,20.57,,20260328-215234
ord286,ORD00086,Orchid,2,New,160,20.77,,20260328-215234
ord287,ORD00087,Orchid,1,New,170,20.51,,20260328-215234
ord288,ORD00088,Orchid,2,New,180,20.73,,20260328-215234
ord289,ORD00089,Orchid,1,New,190,20.59,,20260328-215234
ord290,ORD00090,Orchid,2,New,200,20.81,,20260328-215234
ord291,ORD00091,Lavender,1,New,110,5.13,,20260328-215234
ord292,ORD00092,Lavender,2,New,120,5.23,,20260328-215234
ord293,ORD00093,Lavender,1,New,130,5.07,,20260328-215234
ord294,ORD00094,Lavender,2,New,140,5.27,,20260328-215234
ord295,ORD00095,Lavender,1,New,150,5.11,,20260328-215234
ord296,ORD00096,Lavender,2,New,160,5.29,,20260328-215234
ord297,ORD00097,Lavender,1,New,170,5.09,,20260328-215234
ord298,ORD00098,Lavender,2,New,180,5.31,,20260328-215234
ord299,ORD00099,Lavender,1,New,190,5.16,,20260328-215234
ord300,ORD00100,Lavender,2,New,200,5.32,,20260328-215234
ord301,ORD00001,Rose,1,New,10,12.50,,20260328-215234
ord302,ORD00002,Rose,2,New,20,12.60,,20260328-215234
ord303,ORD00003,Rose,1,New,20,12.40,,20260328-215234
ord304,ORD00004,Rose,2,New,30,12.70,,20260328-215234
ord305,ORD00005,Rose,1,New,30,12.55,,20260328-215234
ord306,ORD00006,Rose,2,New,40,12.65,,20260328-215234
ord307,ORD00007,Rose,1,New,40,12.45,,20260328-215234
ord308,ORD00008,Rose,2,New,50,12.75,,20260328-215234
ord309,ORD00009,Rose,1,New,50,12.52,,20260328-215234
ord310,ORD00010,Rose,2,New,60,12.68,,20260328-215234
ord311,ORD00011,Tulip,1,New,10,8.10,,20260328-215234
ord312,ORD00012,Tulip,2,New,20,8.20,,20260328-215234
ord313,ORD00013,Tulip,1,New,30,8.05,,20260328-215234
ord314,ORD00014,Tulip,2,New,40,8.25,,20260328-215234
ord315,ORD00015,Tulip,1,New,50,8.12,,20260328-215234
ord316,ORD00016,Tulip,2,New,60,8.22,,20260328-215234
ord317,ORD00017,Tulip,1,New,70,8.08,,20260328-215234
ord318,ORD00018,Tulip,2,New,80,8.28,,20260328-215234
ord319,ORD00019,Tulip,1,New,90,8.15,,20260328-215234
ord320,ORD00020,Tulip,2,New,100,8.30,,20260328-215234
ord321,ORD00021,Lotus,1,New,10,15.00,,20260328-215234
ord322,ORD00022,Lotus,2,New,20,15.10,,20260328-215234
ord323,ORD00023,Lotus,1,New,30,14.95,,20260328-215234
ord324,ORD00024,Lotus,2,New,40,15.15,,20260328-215234
ord325,ORD00025,Lotus,1,New,50,15.05,,20260328-215234
ord326,ORD00026,Lotus,2,New,60,15.12,,20260328-215234
ord327,ORD00027,Lotus,1,New,70,15.02,,20260328-215234
ord328,ORD00028,Lotus,2,New,80,15.18,,20260328-215234
ord329,ORD00029,Lotus,1,New,90,15.08,,20260328-215234
ord330,ORD00030,Lotus,2,New,100,15.20,,20260328-215234
ord331,ORD00031,Orchid,1,New,10,20.50,,20260328-215234
ord332,ORD00032,Orchid,2,New,20,20.60,,20260328-215234
ord333,ORD00033,Orchid,1,New,30,20.45,,20260328-215234
ord334,ORD00034,Orchid,2,New,40,20.65,,20260328-215234
ord335,ORD00035,Orchid,1,New,50,20.55,,20260328-215234
ord336,ORD00036,Orchid,2,New,60,20.70,,20260328-215234
ord337,ORD00037,Orchid,1,New,70,20.52,,20260328-215234
ord338,ORD00038,Orchid,2,New,80,20.75,,20260328-215234
ord339,ORD00039,Orchid,1,New,90,20.58,,20260328-215234
ord340,ORD00040,Orchid,2,New,100,20.80,,20260328-215234
ord341,ORD00041,Lavender,1,New,10,5.10,,20260328-215234
ord342,ORD00042,Lavender,2,New,20,5.20,,20260328-215234
ord343,ORD00043,Lavender,1,New,30,5.05,,20260328-215234
ord344,ORD00044,Lavender,2,New,40,5.25,,20260328-215234
ord345,ORD00045,Lavender,1,New,50,5.12,,20260328-215234
ord346,ORD00046,Lavender,2,New,60,5.22,,20260328-215234
ord347,ORD00047,Lavender,1,New,70,5.08,,20260328-215234
ord348,ORD00048,Lavender,2,New,80,5.28,,20260328-215234
ord349,ORD00049,Lavender,1,New,90,5.15,,20260328-215234
ord350,ORD00050,Lavender,2,New,100,5.30,,20260328-215234
ord351,ORD00051,Rose,1,New,60,12.53,,20260328-215234
ord352,ORD00052,Rose,2,New,70,12.63,,20260328-215234
ord353,ORD00053,Rose,1,New,80,12.47,,20260328-215234
ord354,ORD00054,Rose,2,New,90,12.77,,20260328-215234
ord355,ORD00055,Rose,1,New,100,12.57,,20260328-215234
ord356,ORD00056,Rose,2,New,110,12.67,,20260328-215234
ord357,ORD00057,Rose,1,New,120,12.49,,20260328-215234
ord358,ORD00058,Rose,2,New,130,12.79,,20260328-215234
ord359,ORD00059,Rose,1,New,140,12.54,,20260328-215234
ord360,ORD00060,Rose,2,New,150,12.69,,20260328-215234
ord361,ORD00061,Tulip,1,New,110,8.18,,20260328-215234
ord362,ORD00062,Tulip,2,New,120,8.23,,20260328-215234
ord363,ORD00063,Tulip,1,New,130,8.09,,20260328-215234
ord364,ORD00064,Tulip,2,New,140,8.27,,20260328-215234
ord365,ORD00065,Tulip,1,New,150,8.13,,20260328-215234
ord366,ORD00066,Tulip,2,New,160,8.21,,20260328-215234
ord367,ORD00067,Tulip,1,New,170,8.11,,20260328-215234
ord368,ORD00068,Tulip,2,New,180,8.29,,20260328-215234
ord369,ORD00069,Tulip,1,New,190,8.17,,20260328-215234
ord370,ORD00070,Tulip,2,New,200,8.31,,20260328-215234
ord371,ORD00071,Lotus,1,New,110,15.03,,20260328-215234
ord372,ORD00072,Lotus,2,New,120,15.13,,20260328-215234
ord373,ORD00073,Lotus,1,New,130,14.97,,20260328-215234
ord374,ORD00074,Lotus,2,New,140,15.17,,20260328-215234
ord375,ORD00075,Lotus,1,New,150,15.07,,20260328-215234
ord376,ORD00076,Lotus,2,New,160,15.11,,20260328-215234
ord377,ORD00077,Lotus,1,New,170,15.01,,20260328-215234
ord378,ORD00078,Lotus,2,New,180,15.19,,20260328-215234
ord379,ORD00079,Lotus,1,New,190,15.09,,20260328-215234
ord380,ORD00080,Lotus,2,New,200,15.21,,20260328-215234
ord381,ORD00081,Orchid,1,New,110,20.53,,20260328-215234
ord382,ORD00082,Orchid,2,New,120,20.63,,20260328-215234
ord383,ORD00083,Orchid,1,New,130,20.47,,20260328-215234
ord384,ORD00084,Orchid,2,New,140,20.67,,20260328-215234
ord385,ORD00085,Orchid,1,New,150,20.57,,20260328-215234
ord386,ORD00086,Orchid,2,New,160,20.77,,20260328-215234
ord387,ORD00087,Orchid,1,New,170,20.51,,20260328-215234
ord388,ORD00088,Orchid,2,New,180,20.73,,20260328-215234
ord389,ORD00089,Orchid,1,New,190,20.59,,20260328-215234
ord390,ORD00090,Orchid,2,New,200,20.81,,20260328-215234
ord391,ORD00091,Lavender,1,New,110,5.13,,20260328-215234
ord392,ORD00092,Lavender,2,New,120,5.23,,20260328-215234
ord393,ORD00093,Lavender,1,New,130,5.07,,20260328-215234
ord394,ORD00094,Lavender,2,New,140,5.27,,20260328-215234
ord395,ORD00095,Lavender,1,New,150,5.11,,20260328-215234
ord396,ORD00096,Lavender,2,New,160,5.29,,20260328-215234
ord397,ORD00097,Lavender,1,New,170,5.09,,20260328-215234
ord398,ORD00098,Lavender,2,New,180,5.31,,20260328-215234
ord399,ORD00099,Lavender,1,New,190,5.16,,20260328-215234
ord400,ORD00100,Lavender,2,New,200,5.32,,20260328-215234
ord401,ORD00001,Rose,1,New,10,12.50,,20260328-215234
ord402,ORD00002,Rose,2,New,20,12.60,,20260328-215234
ord403,ORD00003,Rose,1,New,20,12.40,,20260328-215234
ord404,ORD00004,Rose,2,New,30,12.70,,20260328-215234
ord405,ORD00005,Rose,1,New,30,12.55,,20260328-215234
ord406,ORD00006,Rose,2,New,40,12.65,,20260328-215234
ord407,ORD00007,Rose,1,New,40,12.45,,20260328-215234
ord408,ORD00008,Rose,2,New,50,12.75,,20260328-215234
ord409,ORD00009,Rose,1,New,50,12.52,,20260328-215234
ord410,ORD00010,Rose,2,New,60,12.68,,20260328-215234
ord411,ORD00011,Tulip,1,New,10,8.10,,20260328-215234
ord412,ORD00012,Tulip,2,New,20,8.20,,20260328-215234
ord413,ORD00013,Tulip,1,New,30,8.05,,20260328-215234
ord414,ORD00014,Tulip,2,New,40,8.25,,20260328-215234
ord415,ORD00015,Tulip,1,New,50,8.12,,20260328-215234
ord416,ORD00016,Tulip,2,New,60,8.22,,20260328-215234
ord417,ORD00017,Tulip,1,New,70,8.08,,20260328-215234
ord418,ORD00018,Tulip,2,New,80,8.28,,20260328-215234
ord419,ORD00019,Tulip,1,New,90,8.15,,20260328-215234
ord420,ORD00020,Tulip,2,New,100,8.30,,20260328-215234
ord421,ORD00021,Lotus,1,New,10,15.00,,20260328-215234
ord422,ORD00022,Lotus,2,New,20,15.10,,20260328-215234
ord423,ORD00023,Lotus,1,New,30,14.95,,20260328-215234
ord424,ORD00024,Lotus,2,New,40,15.15,,20260328-215234
ord425,ORD00025,Lotus,1,New,50,15.05,,20260328-215234
ord426,ORD00026,Lotus,2,New,60,15.12,,20260328-215234
ord427,ORD00027,Lotus,1,New,70,15.02,,20260328-215234
ord428,ORD00028,Lotus,2,New,80,15.18,,20260328-215234
ord429,ORD00029,Lotus,1,New,90,15.08,,20260328-215234
ord430,ORD00030,Lotus,2,New,100,15.20,,20260328-215234
ord431,ORD00031,Orchid,1,New,10,20.50,,20260328-215234
ord432,ORD00032,Orchid,2,New,20,20.60,,20260328-215234
ord433,ORD00033,Orchid,1,New,30,20.45,,20260328-215234
ord434,ORD00034,Orchid,2,New,40,20.65,,20260328-215234
ord435,ORD00035,Orchid,1,New,50,20.55,,20260328-215234
ord436,ORD00036,Orchid,2,New,60,20.70,,20260328-215234
ord437,ORD00037,Orchid,1,New,70,20.52,,20260328-215234
ord438,ORD00038,Orchid,2,New,80,20.75,,20260328-215234
ord439,ORD00039,Orchid,1,New,90,20.58,,20260328-215234
ord440,ORD00040,Orchid,2,New,100,20.80,,20260328-215234
ord441,ORD00041,Lavender,1,New,10,5.10,,20260328-215234
ord442,ORD00042,Lavender,2,New,20,5.20,,20260328-215234
ord443,ORD00043,Lavender,1,New,30,5.05,,20260328-215234
ord444,ORD00044,Lavender,2,New,40,5.25,,20260328-215234
ord445,ORD00045,Lavender,1,New,50,5.12,,20260328-215234
ord446,ORD00046,Lavender,2,New,60,5.22,,20260328-215234
ord447,ORD00047,Lavender,1,New,70,5.08,,20260328-215234
ord448,ORD00048,Lavender,2,New,80,5.28,,20260328-215234
ord449,ORD00049,Lavender,1,New,90,5.15,,20260328-215234
ord450,ORD00050,Lavender,2,New,100,5.30,,20260328-215234
ord451,ORD00051,Rose,1,New,60,12.53,,20260328-215234
ord452,ORD00052,Rose,2,New,70,12.63,,20260328-215234
ord453,ORD00053,Rose,1,New,80,12.47,,20260328-215234
ord454,ORD00054,Rose,2,New,90,12.77,,20260328-215234
ord455,ORD00055,Rose,1,New,100,12.57,,20260328-215234
ord456,ORD00056,Rose,2,New,110,12.67,,20260328-215234
ord457,ORD00057,Rose,1,New,120,12.49,,20260328-215234
ord458,ORD00058,Rose,2,New,130,12.79,,20260328-215234
ord459,ORD00059,Rose,1,New,140,12.54,,20260328-215234
ord460,ORD00060,Rose,2,New,150,12.69,,20260328-215234
ord461,ORD00061,Tulip,1,New,110,8.18,,20260328-215234
ord462,ORD00062,Tulip,2,New,120,8.23,,20260328-215234
ord463,ORD00063,Tulip,1,New,130,8.09,,20260328-215234
ord464,ORD00064,Tulip,2,New,140,8.27,,20260328-215234
ord465,ORD00065,Tulip,1,New,150,8.13,,20260328-215234
ord466,ORD00066,Tulip,2,New,160,8.21,,20260328-215234
ord467,ORD00067,Tulip,1,New,170,8.11,,20260328-215234
ord468,ORD00068,Tulip,2,New,180,8.29,,20260328-215234
ord469,ORD00069,Tulip,1,New,190,8.17,,20260328-215234
ord470,ORD00070,Tulip,2,New,200,8.31,,20260328-215234
ord471,ORD00071,Lotus,1,New,110,15.03,,20260328-215234
ord472,ORD00072,Lotus,2,New,120,15.13,,20260328-215234
ord473,ORD00073,Lotus,1,New,130,14.97,,20260328-215234
ord474,ORD00074,Lotus,2,New,140,15.17,,20260328-215234
ord475,ORD00075,Lotus,1,New,150,15.07,,20260328-215234
ord476,ORD00076,Lotus,2,New,160,15.11,,20260328-215234
ord477,ORD00077,Lotus,1,New,170,15.01,,20260328-215234
ord478,ORD00078,Lotus,2,New,180,15.19,,20260328-215234
ord479,ORD00079,Lotus,1,New,190,15.09,,20260328-215234
ord480,ORD00080,Lotus,2,New,200,15.21,,20260328-215234
ord481,ORD00081,Orchid,1,New,110,20.53,,20260328-215234
ord482,ORD00082,Orchid,2,New,120,20.63,,20260328-215234
ord483,ORD00083,Orchid,1,New,130,20.47,,20260328-215234
ord484,ORD00084,Orchid,2,New,140,20.67,,20260328-215234
ord485,ORD00085,Orchid,1,New,150,20.57,,20260328-215234
ord486,ORD00086,Orchid,2,New,160,20.77,,20260328-215234
ord487,ORD00087,Orchid,1,New,170,20.51,,20260328-215234
ord488,ORD00088,Orchid,2,New,180,20.73,,20260328-215234
ord489,ORD00089,Orchid,1,New,190,20.59,,20260328-215234
ord490,ORD00090,Orchid,2,New,200,20.81,,20260328-215234
ord491,ORD00091,Lavender,1,New,110,5.13,,20260328-215234
ord492,ORD00092,Lavender,2,New,120,5.23,,20260328-215234
ord493,ORD00093,Lavender,1,New,130,5.07,,20260328-215234
ord494,ORD00094,Lavender,2,New,140,5.27,,20260328-215234
ord495,ORD00095,Lavender,1,New,150,5.11,,20260328-215234
ord496,ORD00096,Lavender,2,New,160,5.29,,20260328-215234
ord497,ORD00097,Lavender,1,New,170,5.09,,20260328-215234
ord498,ORD00098,Lavender,2,New,180,5.31,,20260328-215234
ord499,ORD00099,Lavender,1,New,190,5.16,,20260328-215234
ord500,ORD00100,Lavender,2,New,200,5.32,,20260328-215234
ord501,ORD00001,Rose,1,New,10,12.50,,20260328-215234
ord502,ORD00002,Rose,2,New,20,12.60,,20260328-215234
ord503,ORD00003,Rose,1,New,20,12.40,,20260328-215234
ord504,ORD00004,Rose,2,New,30,12.70,,20260328-215234
ord505,ORD00005,Rose,1,New,30,12.55,,20260328-215234
ord506,ORD00006,Rose,2,New,40,12.65,,20260328-215234
ord507,ORD00007,Rose,1,New,40,12.45,,20260328-215234
ord508,ORD00008,Rose,2,New,50,12.75,,20260328-215234
ord509,ORD00009,Rose,1,New,50,12.52,,20260328-215234
ord510,ORD00010,Rose,2,New,60,12.68,,20260328-215234
ord511,ORD00011,Tulip,1,New,10,8.10,,20260328-215234
ord512,ORD00012,Tulip,2,New,20,8.20,,20260328-215234
ord513,ORD00013,Tulip,1,New,30,8.05,,20260328-215234
ord514,ORD00014,Tulip,2,New,40,8.25,,20260328-215234
ord515,ORD00015,Tulip,1,New,50,8.12,,20260328-215234
ord516,ORD00016,Tulip,2,New,60,8.22,,20260328-215234
ord517,ORD00017,Tulip,1,New,70,8.08,,20260328-215234
ord518,ORD00018,Tulip,2,New,80,8.28,,20260328-215234
ord519,ORD00019,Tulip,1,New,90,8.15,,20260328-215234
ord520,ORD00020,Tulip,2,New,100,8.30,,20260328-215234
ord521,ORD00021,Lotus,1,New,10,15.00,,20260328-215234
ord522,ORD00022,Lotus,2,New,20,15.10,,20260328-215234
ord523,ORD00023,Lotus,1,New,30,14.95,,20260328-215234
ord524,ORD00024,Lotus,2,New,40,15.15,,20260328-215234
ord525,ORD00025,Lotus,1,New,50,15.05,,20260328-215234
ord526,ORD00026,Lotus,2,New,60,15.12,,20260328-215234
ord527,ORD00027,Lotus,1,New,70,15.02,,20260328-215234
ord528,ORD00028,Lotus,2,New,80,15.18,,20260328-215234
ord529,ORD00029,Lotus,1,New,90,15.08,,20260328-215234
ord530,ORD00030,Lotus,2,New,100,15.20,,20260328-215234
ord531,ORD00031,Orchid,1,New,10,20.50,,20260328-215234
ord532,ORD00032,Orchid,2,New,20,20.60,,20260328-215234
ord533,ORD00033,Orchid,1,New,30,20.45,,20260328-215234
ord534,ORD00034,Orchid,2,New,40,20.65,,20260328-215234
ord535,ORD00035,Orchid,1,New,50,20.55,,20260328-215234
ord536,ORD00036,Orchid,2,New,60,20.70,,20260328-215234
ord537,ORD00037,Orchid,1,New,70,20.52,,20260328-215234
ord538,ORD00038,Orchid,2,New,80,20.75,,20260328-215234
ord539,ORD00039,Orchid,1,New,90,20.58,,20260328-215234
ord540,ORD00040,Orchid,2,New,100,20.80,,20260328-215234
ord541,ORD00041,Lavender,1,New,10,5.10,,20260328-215234
ord542,ORD00042,Lavender,2,New,20,5.20,,20260328-215234
ord543,ORD00043,Lavender,1,New,30,5.05,,20260328-215234
ord544,ORD00044,Lavender,2,New,40,5.25,,20260328-215234
ord545,ORD00045,Lavender,1,New,50,5.12,,20260328-215234
ord546,ORD00046,Lavender,2,New,60,5.22,,20260328-215234
ord547,ORD00047,Lavender,1,New,70,5.08,,20260328-215234
ord548,ORD00048,Lavender,2,New,80,5.28,,20260328-215234
ord549,ORD00049,Lavender,1,New,90,5.15,,20260328-215234
ord550,ORD00050,Lavender,2,New,100,5.30,,20260328-215234
ord551,ORD00051,Rose,1,New,60,12.53,,20260328-215234
ord552,ORD00052,Rose,2,New,70,12.63,,20260328-215234
ord553,ORD00053,Rose,1,New,80,12.47,,20260328-215234
ord554,ORD00054,Rose,2,New,90,12.77,,20260328-215234
ord555,ORD00055,Rose,1,New,100,12.57,,20260328-215234
ord556,ORD00056,Rose,2,New,110,12.67,,20260328-215234
ord557,ORD00057,Rose,1,New,120,12.49,,20260328-215234
ord558,ORD00058,Rose,2,New,130,12.79,,20260328-215234
ord559,ORD00059,Rose,1,New,140,12.54,,20260328-215234
ord560,ORD00060,Rose,2,New,150,12.69,,20260328-215234
ord561,ORD00061,Tulip,1,New,110,8.18,,20260328-215234
ord562,ORD00062,Tulip,2,New,120,8.23,,20260328-215234
ord563,ORD00063,Tulip,1,New,130,8.09,,20260328-215234
ord564,ORD00064,Tulip,2,New,140,8.27,,20260328-215234
ord565,ORD00065,Tulip,1,New,150,8.13,,20260328-215234
ord566,ORD00066,Tulip,2,New,160,8.21,,20260328-215234
ord567,ORD00067,Tulip,1,New,170,8.11,,20260328-215234
ord568,ORD00068,Tulip,2,New,180,8.29,,20260328-215234
ord569,ORD00069,Tulip,1,New,190,8.17,,20260328-215234
ord570,ORD00070,Tulip,2,New,200,8.31,,20260328-215234
ord571,ORD00071,Lotus,1,New,110,15.03,,20260328-215234
ord572,ORD00072,Lotus,2,New,120,15.13,,20260328-215234
ord573,ORD00073,Lotus,1,New,130,14.97,,20260328-215234
ord574,ORD00074,Lotus,2,New,140,15.17,,20260328-215234
ord575,ORD00075,Lotus,1,New,150,15.07,,20260328-215234
ord576,ORD00076,Lotus,2,New,160,15.11,,20260328-215234
ord577,ORD00077,Lotus,1,New,170,15.01,,20260328-215234
ord578,ORD00078,Lotus,2,New,180,15.19,,20260328-215234
ord579,ORD00079,Lotus,1,New,190,15.09,,20260328-215234
ord580,ORD00080,Lotus,2,New,200,15.21,,20260328-215234
ord581,ORD00081,Orchid,1,New,110,20.53,,20260328-215234
ord582,ORD00082,Orchid,2,New,120,20.63,,20260328-215234
ord583,ORD00083,Orchid,1,New,130,20.47,,20260328-215234
ord584,ORD00084,Orchid,2,New,140,20.67,,20260328-215234
ord585,ORD00085,Orchid,1,New,150,20.57,,20260328-215234
ord586,ORD00086,Orchid,2,New,160,20.77,,20260328-215234
ord587,ORD00087,Orchid,1,New,170,20.51,,20260328-215234
ord588,ORD00088,Orchid,2,New,180,20.73,,20260328-215234
ord589,ORD00089,Orchid,1,New,190,20.59,,20260328-215234
ord590,ORD00090,Orchid,2,New,200,20.81,,20260328-215234
ord591,ORD00091,Lavender,1,New,110,5.13,,20260328-215234
ord592,ORD00092,Lavender,2,New,120,5.23,,20260328-215234
ord593,ORD00093,Lavender,1,New,130,5.07,,20260328-215234
ord594,ORD00094,Lavender,2,New,140,5.27,,20260328-215234
ord595,ORD00095,Lavender,1,New,150,5.11,,20260328-215234
ord596,ORD00096,Lavender,2,New,160,5.29,,20260328-215234
ord597,ORD00097,Lavender,1,New,170,5.09,,20260328-215234
ord598,ORD00098,Lavender,2,New,180,5.31,,20260328-215234
ord599,ORD00099,Lavender,1,New,190,5.16,,20260328-215234
ord600,ORD00100,Lavender,2,New,200,5.32,,20260328-215234
ord601,ORD00001,Rose,1,New,10,12.50,,20260328-215234
ord602,ORD00002,Rose,2,New,20,12.60,,20260328-215234
ord603,ORD00003,Rose,1,New,20,12.40,,20260328-215234
ord604,ORD00004,Rose,2,New,30,12.70,,20260328-215234
ord605,ORD00005,Rose,1,New,30,12.55,,20260328-215234
ord606,ORD00006,Rose,2,New,40,12.65,,20260328-215234
ord607,ORD00007,Rose,1,New,40,12.45,,20260328-215234
ord608,ORD00008,Rose,2,New,50,12.75,,20260328-215234
ord609,ORD00009,Rose,1,New,50,12.52,,20260328-215234
ord610,ORD00010,Rose,2,New,60,12.68,,20260328-215234
ord611,ORD00011,Tulip,1,New,10,8.10,,20260328-215234
ord612,ORD00012,Tulip,2,New,20,8.20,,20260328-215234
ord613,ORD00013,Tulip,1,New,30,8.05,,20260328-215234
ord614,ORD00014,Tulip,2,New,40,8.25,,20260328-215234
ord615,ORD00015,Tulip,1,New,50,8.12,,20260328-215234
ord616,ORD00016,Tulip,2,New,60,8.22,,20260328-215234
ord617,ORD00017,Tulip,1,New,70,8.08,,20260328-215234
ord618,ORD00018,Tulip,2,New,80,8.28,,20260328-215234
ord619,ORD00019,Tulip,1,New,90,8.15,,20260328-215234
ord620,ORD00020,Tulip,2,New,100,8.30,,20260328-215234
ord621,ORD00021,Lotus,1,New,10,15.00,,20260328-215234
ord622,ORD00022,Lotus,2,New,20,15.10,,20260328-215234
ord623,ORD00023,Lotus,1,New,30,14.95,,20260328-215234
ord624,ORD00024,Lotus,2,New,40,15.15,,20260328-215234
ord625,ORD00025,Lotus,1,New,50,15.05,,20260328-215234
ord626,ORD00026,Lotus,2,New,60,15.12,,20260328-215234
ord627,ORD00027,Lotus,1,New,70,15.02,,20260328-215234
ord628,ORD00028,Lotus,2,New,80,15.18,,20260328-215234
ord629,ORD00029,Lotus,1,New,90,15.08,,20260328-215234
ord630,ORD00030,Lotus,2,New,100,15.20,,20260328-215234
ord631,ORD00031,Orchid,1,New,10,20.50,,20260328-215234
ord632,ORD00032,Orchid,2,New,20,20.60,,20260328-215234
ord633,ORD00033,Orchid,1,New,30,20.45,,20260328-215234
ord634,ORD00034,Orchid,2,New,40,20.65,,20260328-215234
ord635,ORD00035,Orchid,1,New,50,20.55,,20260328-215234
ord636,ORD00036,Orchid,2,New,60,20.70,,20260328-215234
ord637,ORD00037,Orchid,1,New,70,20.52,,20260328-215234
ord638,ORD00038,Orchid,2,New,80,20.75,,20260328-215234
ord639,ORD00039,Orchid,1,New,90,20.58,,20260328-215234
ord640,ORD00040,Orchid,2,New,100,20.80,,20260328-215234
ord641,ORD00041,Lavender,1,New,10,5.10,,20260328-215234
ord642,ORD00042,Lavender,2,New,20,5.20,,20260328-215234
ord643,ORD00043,Lavender,1,New,30,5.05,,20260328-215234
ord644,ORD00044,Lavender,2,New,40,5.25,,20260328-215234
ord645,ORD00045,Lavender,1,New,50,5.12,,20260328-215234
ord646,ORD00046,Lavender,2,New,60,5.22,,20260328-215234
ord647,ORD00047,Lavender,1,New,70,5.08,,20260328-215234
ord648,ORD00048,Lavender,2,New,80,5.28,,20260328-215234
ord649,ORD00049,Lavender,1,New,90,5.15,,20260328-215234
ord650,ORD00050,Lavender,2,New,100,5.30,,20260328-215234
ord651,ORD00051,Rose,1,New,60,12.53,,20260328-215234
ord652,ORD00052,Rose,2,New,70,12.63,,20260328-215234
ord653,ORD00053,Rose,1,New,80,12.47,,20260328-215234
ord654,ORD00054,Rose,2,New,90,12.77,,20260328-215234
ord655,ORD00055,Rose,1,New,100,12.57,,20260328-215234
ord656,ORD00056,Rose,2,New,110,12.67,,20260328-215234
ord657,ORD00057,Rose,1,New,120,12.49,,20260328-215234
ord658,ORD00058,Rose,2,New,130,12.79,,20260328-215234
ord659,ORD00059,Rose,1,New,140,12.54,,20260328-215234
ord660,ORD00060,Rose,2,New,150,12.69,,20260328-215234
ord661,ORD00061,Tulip,1,New,110,8.18,,20260328-215234
ord662,ORD00062,Tulip,2,New,120,8.23,,20260328-215234
ord663,ORD00063,Tulip,1,New,130,8.09,,20260328-215234
ord664,ORD00064,Tulip,2,New,140,8.27,,20260328-215234
ord665,ORD00065,Tulip,1,New,150,8.13,,20260328-215234
ord666,ORD00066,Tulip,2,New,160,8.21,,20260328-215234
ord667,ORD00067,Tulip,1,New,170,8.11,,20260328-215234
ord668,ORD00068,Tulip,2,New,180,8.29,,20260328-215234
ord669,ORD00069,Tulip,1,New,190,8.17,,20260328-215234
ord670,ORD00070,Tulip,2,New,200,8.31,,20260328-215234
ord671,ORD00071,Lotus,1,New,110,15.03,,20260328-215234
ord672,ORD00072,Lotus,2,New,120,15.13,,20260328-215234
ord673,ORD00073,Lotus,1,New,130,14.97,,20260328-215234
ord674,ORD00074,Lotus,2,New,140,15.17,,20260328-215234
ord675,ORD00075,Lotus,1,New,150,15.07,,20260328-215234
ord676,ORD00076,Lotus,2,New,160,15.11,,20260328-215234
ord677,ORD00077,Lotus,1,New,170,15.01,,20260328-215234
ord678,ORD00078,Lotus,2,New,180,15.19,,20260328-215234
ord679,ORD00079,Lotus,1,New,190,15.09,,20260328-215234
ord680,ORD00080,Lotus,2,New,200,15.21,,20260328-215234
ord681,ORD00081,Orchid,1,New,110,20.53,,20260328-215234
ord682,ORD00082,Orchid,2,New,120,20.63,,20260328-215234
ord683,ORD00083,Orchid,1,New,130,20.47,,20260328-215234
ord684,ORD00084,Orchid,2,New,140,20.67,,20260328-215234
ord685,ORD00085,Orchid,1,New,150,20.57,,20260328-215234
ord686,ORD00086,Orchid,2,New,160,20.77,,20260328-215234
ord687,ORD00087,Orchid,1,New,170,20.51,,20260328-215234
ord688,ORD00088,Orchid,2,New,180,20.73,,20260328-215234
ord689,ORD00089,Orchid,1,New,190,20.59,,20260328-215234
ord690,ORD00090,Orchid,2,New,200,20.81,,20260328-215234
ord691,ORD00091,Lavender,1,New,110,5.13,,20260328-215234
ord692,ORD00092,Lavender,2,New,120,5.23,,20260328-215234
ord693,ORD00093,Lavender,1,New,130,5.07,,20260328-215234
ord694,ORD00094,Lavender,2,New,140,5.27,,20260328-215234
ord695,ORD00095,Lavender,1,New,150,5.11,,20260328-215234
ord696,ORD00096,Lavender,2,New,160,5.29,,20260328-215234
ord697,ORD00097,Lavender,1,New,170,5.09,,20260328-215234
ord698,ORD00098,Lavender,2,New,180,5.31,,20260328-215234
ord699,ORD00099,Lavender,1,New,190,5.16,,20260328-215234
ord700,ORD00100,Lavender,2,New,200,5.32,,20260328-215234
ord701,ORD00001,Rose,1,New,10,12.50,,20260328-215234
ord702,ORD00002,Rose,2,New,20,12.60,,20260328-215234
ord703,ORD00003,Rose,1,New,20,12.40,,20260328-215234
ord704,ORD00004,Rose,2,New,30,12.70,,20260328-215234
ord705,ORD00005,Rose,1,New,30,12.55,,20260328-215234
ord706,ORD00006,Rose,2,New,40,12.65,,20260328-215234
ord707,ORD00007,Rose,1,New,40,12.45,,20260328-215234
ord708,ORD00008,Rose,2,New,50,12.75,,20260328-215234
ord709,ORD00009,Rose,1,New,50,12.52,,20260328-215234
ord710,ORD00010,Rose,2,New,60,12.68,,20260328-215234
ord711,ORD00011,Tulip,1,New,10,8.10,,20260328-215234
ord712,ORD00012,Tulip,2,New,20,8.20,,20260328-215234
ord713,ORD00013,Tulip,1,New,30,8.05,,20260328-215234
ord714,ORD00014,Tulip,2,New,40,8.25,,20260328-215234
ord715,ORD00015,Tulip,1,New,50,8.12,,20260328-215234
ord716,ORD00016,Tulip,2,New,60,8.22,,20260328-215234
ord717,ORD00017,Tulip,1,New,70,8.08,,20260328-215234
ord718,ORD00018,Tulip,2,New,80,8.28,,20260328-215234
ord719,ORD00019,Tulip,1,New,90,8.15,,20260328-215234
ord720,ORD00020,Tulip,2,New,100,8.30,,20260328-215234
ord721,ORD00021,Lotus,1,New,10,15.00,,20260328-215234
ord722,ORD00022,Lotus,2,New,20,15.10,,20260328-215234
ord723,ORD00023,Lotus,1,New,30,14.95,,20260328-215234
ord724,ORD00024,Lotus,2,New,40,15.15,,20260328-215234
ord725,ORD00025,Lotus,1,New,50,15.05,,20260328-215234
ord726,ORD00026,Lotus,2,New,60,15.12,,20260328-215234
ord727,ORD00027,Lotus,1,New,70,15.02,,20260328-215234
ord728,ORD00028,Lotus,2,New,80,15.18,,20260328-215234
ord729,ORD00029,Lotus,1,New,90,15.08,,20260328-215234
ord730,ORD00030,Lotus,2,New,100,15.20,,20260328-215234
ord731,ORD00031,Orchid,1,New,10,20.50,,20260328-215234
ord732,ORD00032,Orchid,2,New,20,20.60,,20260328-215234
ord733,ORD00033,Orchid,1,New,30,20.45,,20260328-215234
ord734,ORD00034,Orchid,2,New,40,20.65,,20260328-215234
ord735,ORD00035,Orchid,1,New,50,20.55,,20260328-215234
ord736,ORD00036,Orchid,2,New,60,20.70,,20260328-215234
ord737,ORD00037,Orchid,1,New,70,20.52,,20260328-215234
ord738,ORD00038,Orchid,2,New,80,20.75,,20260328-215234
ord739,ORD00039,Orchid,1,New,90,20.58,,20260328-215234
ord740,ORD00040,Orchid,2,New,100,20.80,,20260328-215234
ord741,ORD00041,Lavender,1,New,10,5.10,,20260328-215234
ord742,ORD00042,Lavender,2,New,20,5.20,,20260328-215234
ord743,ORD00043,Lavender,1,New,30,5.05,,20260328-215234
ord744,ORD00044,Lavender,2,New,40,5.25,,20260328-215234
ord745,ORD00045,Lavender,1,New,50,5.12,,20260328-215234
ord746,ORD00046,Lavender,2,New,60,5.22,,20260328-215234
ord747,ORD00047,Lavender,1,New,70,5.08,,20260328-215234
ord748,ORD00048,Lavender,2,New,80,5.28,,20260328-215234
ord749,ORD00049,Lavender,1,New,90,5.15,,20260328-215234
ord750,ORD00050,Lavender,2,New,100,5.30,,20260328-215234
ord751,ORD00051,Rose,1,New,60,12.53,,20260328-215234
ord752,ORD00052,Rose,2,New,70,12.63,,20260328-215234
ord753,ORD00053,Rose,1,New,80,12.47,,20260328-215234
ord754,ORD00054,Rose,2,New,90,12.77,,20260328-215234
ord755,ORD00055,Rose,1,New,100,12.57,,20260328-215234
ord756,ORD00056,Rose,2,New,110,12.67,,20260328-215234
ord757,ORD00057,Rose,1,New,120,12.49,,20260328-215234
ord758,ORD00058,Rose,2,New,130,12.79,,20260328-215234
ord759,ORD00059,Rose,1,New,140,12.54,,20260328-215234
ord760,ORD00060,Rose,2,New,150,12.69,,20260328-215234
ord761,ORD00061,Tulip,1,New,110,8.18,,20260328-215234
ord762,ORD00062,Tulip,2,New,120,8.23,,20260328-215234
ord763,ORD00063,Tulip,1,New,130,8.09,,20260328-215234
ord764,ORD00064,Tulip,2,New,140,8.27,,20260328-215234
ord765,ORD00065,Tulip,1,New,150,8.13,,20260328-215234
ord766,ORD00066,Tulip,2,New,160,8.21,,20260328-215234
ord767,ORD00067,Tulip,1,New,170,8.11,,20260328-215234
ord768,ORD00068,Tulip,2,New,180,8.29,,20260328-215234
ord769,ORD00069,Tulip,1,New,190,8.17,,20260328-215234
ord770,ORD00070,Tulip,2,New,200,8.31,,20260328-215234
ord771,ORD00071,Lotus,1,New,110,15.03,,20260328-215234
ord772,ORD00072,Lotus,2,New,120,15.13,,20260328-215234
ord773,ORD00073,Lotus,1,New,130,14.97,,20260328-215234
ord774,ORD00074,Lotus,2,New,140,15.17,,20260328-215234
ord775,ORD00075,Lotus,1,New,150,15.07,,20260328-215234
ord776,ORD00076,Lotus,2,New,160,15.11,,20260328-215234
ord777,ORD00077,Lotus,1,New,170,15.01,,20260328-215234
ord778,ORD00078,Lotus,2,New,180,15.19,,20260328-215234
ord779,ORD00079,Lotus,1,New,190,15.09,,20260328-215234
ord780,ORD00080,Lotus,2,New,200,15.21,,20260328-215234
ord781,ORD00081,Orchid,1,New,110,20.53,,20260328-215234
ord782,ORD00082,Orchid,2,New,120,20.63,,20260328-215234
ord783,ORD00083,Orchid,1,New,130,20.47,,20260328-215234
ord784,ORD00084,Orchid,2,New,140,20.67,,20260328-215234
ord785,ORD00085,Orchid,1,New,150,20.57,,20260328-215234
ord786,ORD00086,Orchid,2,New,160,20.77,,20260328-215234
ord787,ORD00087,Orchid,1,New,170,20.51,,20260328-215234
ord788,ORD00088,Orchid,2,New,180,20.73,,20260328-215234
ord789,ORD00089,Orchid,1,New,190,20.59,,20260328-215234
ord790,ORD00090,Orchid,2,New,200,20.81,,20260328-215234
ord791,ORD00091,Lavender,1,New,110,5.13,,20260328-215234
ord792,ORD00092,Lavender,2,New,120,5.23,,20260328-215234
ord793,ORD00093,Lavender,1,New,130,5.07,,20260328-215234
ord794,ORD00094,Lavender,2,New,140,5.27,,20260328-215234
ord795,ORD00095,Lavender,1,New,150,5.11,,20260328-215234
ord796,ORD00096,Lavender,2,New,160,5.29,,20260328-215234
ord797,ORD00097,Lavender,1,New,170,5.09,,20260328-215234
ord798,ORD00098,Lavender,2,New,180,5.31,,20260328-215234
ord799,ORD00099,Lavender,1,New,190,5.16,,20260328-215234
ord800,ORD00100,Lavender,2,New,200,5.32,,20260328-215234
ord801,ORD00001,Rose,1,New,10,12.50,,20260328-215234
ord802,ORD00002,Rose,2,New,20,12.60,,20260328-215234
ord803,ORD00003,Rose,1,New,20,12.40,,20260328-215234
ord804,ORD00004,Rose,2,New,30,12.70,,20260328-215234
ord805,ORD00005,Rose,1,New,30,12.55,,20260328-215234
ord806,ORD00006,Rose,2,New,40,12.65,,20260328-215234
ord807,ORD00007,Rose,1,New,40,12.45,,20260328-215234
ord808,ORD00008,Rose,2,New,50,12.75,,20260328-215234
ord809,ORD00009,Rose,1,New,50,12.52,,20260328-215234
ord810,ORD00010,Rose,2,New,60,12.68,,20260328-215234
ord811,ORD00011,Tulip,1,New,10,8.10,,20260328-215234
ord812,ORD00012,Tulip,2,New,20,8.20,,20260328-215234
ord813,ORD00013,Tulip,1,New,30,8.05,,20260328-215234
ord814,ORD00014,Tulip,2,New,40,8.25,,20260328-215234
ord815,ORD00015,Tulip,1,New,50,8.12,,20260328-215234
ord816,ORD00016,Tulip,2,New,60,8.22,,20260328-215234
ord817,ORD00017,Tulip,1,New,70,8.08,,20260328-215234
ord818,ORD00018,Tulip,2,New,80,8.28,,20260328-215234
ord819,ORD00019,Tulip,1,New,90,8.15,,20260328-215234
ord820,ORD00020,Tulip,2,New,100,8.30,,20260328-215234
ord821,ORD00021,Lotus,1,New,10,15.00,,20260328-215234
ord822,ORD00022,Lotus,2,New,20,15.10,,20260328-215234
ord823,ORD00023,Lotus,1,New,30,14.95,,20260328-215234
ord824,ORD00024,Lotus,2,New,40,15.15,,20260328-215234
ord825,ORD00025,Lotus,1,New,50,15.05,,20260328-215234
ord826,ORD00026,Lotus,2,New,60,15.12,,20260328-215234
ord827,ORD00027,Lotus,1,New,70,15.02,,20260328-215234
ord828,ORD00028,Lotus,2,New,80,15.18,,20260328-215234
ord829,ORD00029,Lotus,1,New,90,15.08,,20260328-215234
ord830,ORD00030,Lotus,2,New,100,15.20,,20260328-215234
ord831,ORD00031,Orchid,1,New,10,20.50,,20260328-215234
ord832,ORD00032,Orchid,2,New,20,20.60,,20260328-215234
ord833,ORD00033,Orchid,1,New,30,20.45,,20260328-215234
ord834,ORD00034,Orchid,2,New,40,20.65,,20260328-215234
ord835,ORD00035,Orchid,1,New,50,20.55,,20260328-215234
ord836,ORD00036,Orchid,2,New,60,20.70,,20260328-215234
ord837,ORD00037,Orchid,1,New,70,20.52,,20260328-215234
ord838,ORD00038,Orchid,2,New,80,20.75,,20260328-215234
ord839,ORD00039,Orchid,1,New,90,20.58,,20260328-215234
ord840,ORD00040,Orchid,2,New,100,20.80,,20260328-215234
ord841,ORD00041,Lavender,1,New,10,5.10,,20260328-215234
ord842,ORD00042,Lavender,2,New,20,5.20,,20260328-215234
ord843,ORD00043,Lavender,1,New,30,5.05,,20260328-215234
ord844,ORD00044,Lavender,2,New,40,5.25,,20260328-215234
ord845,ORD00045,Lavender,1,New,50,5.12,,20260328-215234
ord846,ORD00046,Lavender,2,New,60,5.22,,20260328-215234
ord847,ORD00047,Lavender,1,New,70,5.08,,20260328-215234
ord848,ORD00048,Lavender,2,New,80,5.28,,20260328-215234
ord849,ORD00049,Lavender,1,New,90,5.15,,20260328-215234
ord850,ORD00050,Lavender,2,New,100,5.30,,20260328-215234
ord851,ORD00051,Rose,1,New,60,12.53,,20260328-215234
ord852,ORD00052,Rose,2,New,70,12.63,,20260328-215234
ord853,ORD00053,Rose,1,New,80,12.47,,20260328-215234
ord854,ORD00054,Rose,2,New,90,12.77,,20260328-215234
ord855,ORD00055,Rose,1,New,100,12.57,,20260328-215234
ord856,ORD00056,Rose,2,New,110,12.67,,20260328-215234
ord857,ORD00057,Rose,1,New,120,12.49,,20260328-215234
ord858,ORD00058,Rose,2,New,130,12.79,,20260328-215234
ord859,ORD00059,Rose,1,New,140,12.54,,20260328-215234
ord860,ORD00060,Rose,2,New,150,12.69,,20260328-215234
ord861,ORD00061,Tulip,1,New,110,8.18,,20260328-215234
ord862,ORD00062,Tulip,2,New,120,8.23,,20260328-215234
ord863,ORD00063,Tulip,1,New,130,8.09,,20260328-215234
ord864,ORD00064,Tulip,2,New,140,8.27,,20260328-215234
ord865,ORD00065,Tulip,1,New,150,8.13,,20260328-215234
ord866,ORD00066,Tulip,2,New,160,8.21,,20260328-215234
ord867,ORD00067,Tulip,1,New,170,8.11,,20260328-215234
ord868,ORD00068,Tulip,2,New,180,8.29,,20260328-215234
ord869,ORD00069,Tulip,1,New,190,8.17,,20260328-215234
ord870,ORD00070,Tulip,2,New,200,8.31,,20260328-215234
ord871,ORD00071,Lotus,1,New,110,15.03,,20260328-215234
ord872,ORD00072,Lotus,2,New,120,15.13,,20260328-215234
ord873,ORD00073,Lotus,1,New,130,14.97,,20260328-215234
ord874,ORD00074,Lotus,2,New,140,15.17,,20260328-215234
ord875,ORD00075,Lotus,1,New,150,15.07,,20260328-215234
ord876,ORD00076,Lotus,2,New,160,15.11,,20260328-215234
ord877,ORD00077,Lotus,1,New,170,15.01,,20260328-215234
ord878,ORD00078,Lotus,2,New,180,15.19,,20260328-215234
ord879,ORD00079,Lotus,1,New,190,15.09,,20260328-215234
ord880,ORD00080,Lotus,2,New,200,15.21,,20260328-215234
ord881,ORD00081,Orchid,1,New,110,20.53,,20260328-215234
ord882,ORD00082,Orchid,2,New,120,20.63,,20260328-215234
ord883,ORD00083,Orchid,1,New,130,20.47,,20260328-215234
ord884,ORD00084,Orchid,2,New,140,20.67,,20260328-215234
ord885,ORD00085,Orchid,1,New,150,20.57,,20260328-215234
ord886,ORD00086,Orchid,2,New,160,20.77,,20260328-215234
ord887,ORD00087,Orchid,1,New,170,20.51,,20260328-215234
ord888,ORD00088,Orchid,2,New,180,20.73,,20260328-215234
ord889,ORD00089,Orchid,1,New,190,20.59,,20260328-215234
ord890,ORD00090,Orchid,2,New,200,20.81,,20260328-215234
ord891,ORD00091,Lavender,1,New,110,5.13,,20260328-215234
ord892,ORD00092,Lavender,2,New,120,5.23,,20260328-215234
ord893,ORD00093,Lavender,1,New,130,5.07,,20260328-215234
ord894,ORD00094,Lavender,2,New,140,5.27,,20260328-215234
ord895,ORD00095,Lavender,1,New,150,5.11,,20260328-215234
ord896,ORD00096,Lavender,2,New,160,5.29,,20260328-215234
ord897,ORD00097,Lavender,1,New,170,5.09,,20260328-215234
ord898,ORD00098,Lavender,2,New,180,5.31,,20260328-215234
ord899,ORD00099,Lavender,1,New,190,5.16,,20260328-215234
ord900,ORD00100,Lavender,2,New,200,5.32,,20260328-215234
ord901,ORD00001,Rose,1,New,10,12.50,,20260328-215234
ord902,ORD00002,Rose,2,New,20,12.60,,20260328-215234
ord903,ORD00003,Rose,1,New,20,12.40,,20260328-215234
ord904,ORD00004,Rose,2,New,30,12.70,,20260328-215234
ord905,ORD00005,Rose,1,New,30,12.55,,20260328-215234
ord906,ORD00006,Rose,2,New,40,12.65,,20260328-215234
ord907,ORD00007,Rose,1,New,40,12.45,,20260328-215234
ord908,ORD00008,Rose,2,New,50,12.75,,20260328-215234
ord909,ORD00009,Rose,1,New,50,12.52,,20260328-215234
ord910,ORD00010,Rose,2,New,60,12.68,,20260328-215234
ord911,ORD00011,Tulip,1,New,10,8.10,,20260328-215234
ord912,ORD00012,Tulip,2,New,20,8.20,,20260328-215234
ord913,ORD00013,Tulip,1,New,30,8.05,,20260328-215234
ord914,ORD00014,Tulip,2,New,40,8.25,,20260328-215234
ord915,ORD00015,Tulip,1,New,50,8.12,,20260328-215234
ord916,ORD00016,Tulip,2,New,60,8.22,,20260328-215234
ord917,ORD00017,Tulip,1,New,70,8.08,,20260328-215234
ord918,ORD00018,Tulip,2,New,80,8.28,,20260328-215234
ord919,ORD00019,Tulip,1,New,90,8.15,,20260328-215234
ord920,ORD00020,Tulip,2,New,100,8.30,,20260328-215234
ord921,ORD00021,Lotus,1,New,10,15.00,,20260328-215234
ord922,ORD00022,Lotus,2,New,20,15.10,,20260328-215234
ord923,ORD00023,Lotus,1,New,30,14.95,,20260328-215234
ord924,ORD00024,Lotus,2,New,40,15.15,,20260328-215234
ord925,ORD00025,Lotus,1,New,50,15.05,,20260328-215234
ord926,ORD00026,Lotus,2,New,60,15.12,,20260328-215234
ord927,ORD00027,Lotus,1,New,70,15.02,,20260328-215234
ord928,ORD00028,Lotus,2,New,80,15.18,,20260328-215234
ord929,ORD00029,Lotus,1,New,90,15.08,,20260328-215234
ord930,ORD00030,Lotus,2,New,100,15.20,,20260328-215234
ord931,ORD00031,Orchid,1,New,10,20.50,,20260328-215234
ord932,ORD00032,Orchid,2,New,20,20.60,,20260328-215234
ord933,ORD00033,Orchid,1,New,30,20.45,,20260328-215234
ord934,ORD00034,Orchid,2,New,40,20.65,,20260328-215234
ord935,ORD00035,Orchid,1,New,50,20.55,,20260328-215234
ord936,ORD00036,Orchid,2,New,60,20.70,,20260328-215234
ord937,ORD00037,Orchid,1,New,70,20.52,,20260328-215234
ord938,ORD00038,Orchid,2,New,80,20.75,,20260328-215234
ord939,ORD00039,Orchid,1,New,90,20.58,,20260328-215234
ord940,ORD00040,Orchid,2,New,100,20.80,,20260328-215234
ord941,ORD00041,Lavender,1,New,10,5.10,,20260328-215234
ord942,ORD00042,Lavender,2,New,20,5.20,,20260328-215234
ord943,ORD00043,Lavender,1,New,30,5.05,,20260328-215234
ord944,ORD00044,Lavender,2,New,40,5.25,,20260328-215234
ord945,ORD00045,Lavender,1,New,50,5.12,,20260328-215234
ord946,ORD00046,Lavender,2,New,60,5.22,,20260328-215234
ord947,ORD00047,Lavender,1,New,70,5.08,,20260328-215234
ord948,ORD00048,Lavender,2,New,80,5.28,,20260328-215234
ord949,ORD00049,Lavender,1,New,90,5.15,,20260328-215234
ord950,ORD00050,Lavender,2,New,100,5.30,,20260328-215234
ord951,ORD00051,Rose,1,New,60,12.53,,20260328-215234
ord952,ORD00052,Rose,2,New,70,12.63,,20260328-215234
ord953,ORD00053,Rose,1,New,80,12.47,,20260328-215234
ord954,ORD00054,Rose,2,New,90,12.77,,20260328-215234
ord955,ORD00055,Rose,1,New,100,12.57,,20260328-215234
ord956,ORD00056,Rose,2,New,110,12.67,,20260328-215234
ord957,ORD00057,Rose,1,New,120,12.49,,20260328-215234
ord958,ORD00058,Rose,2,New,130,12.79,,20260328-215234
ord959,ORD00059,Rose,1,New,140,12.54,,20260328-215234
ord960,ORD00060,Rose,2,New,150,12.69,,20260328-215234
ord961,ORD00061,Tulip,1,New,110,8.18,,20260328-215234
ord962,ORD00062,Tulip,2,New,120,8.23,,20260328-215234
ord963,ORD00063,Tulip,1,New,130,8.09,,20260328-215234
ord964,ORD00064,Tulip,2,New,140,8.27,,20260328-215234
ord965,ORD00065,Tulip,1,New,150,8.13,,20260328-215234
ord966,ORD00066,Tulip,2,New,160,8.21,,20260328-215234
ord967,ORD00067,Tulip,1,New,170,8.11,,20260328-215234
ord968,ORD00068,Tulip,2,New,180,8.29,,20260328-215234
ord969,ORD00069,Tulip,1,New,190,8.17,,20260328-215234
ord970,ORD00070,Tulip,2,New,200,8.31,,20260328-215234
ord971,ORD00071,Lotus,1,New,110,15.03,,20260328-215234
ord972,ORD00072,Lotus,2,New,120,15.13,,20260328-215234
ord973,ORD00073,Lotus,1,New,130,14.97,,20260328-215234
ord974,ORD00074,Lotus,2,New,140,15.17,,20260328-215234
ord975,ORD00075,Lotus,1,New,150,15.07,,20260328-215234
ord976,ORD00076,Lotus,2,New,160,15.11,,20260328-215234
ord977,ORD00077,Lotus,1,New,170,15.01,,20260328-215234
ord978,ORD00078,Lotus,2,New,180,15.19,,20260328-215234
ord979,ORD00079,Lotus,1,New,190,15.09,,20260328-215234
ord980,ORD00080,Lotus,2,New,200,15.21,,20260328-215234
ord981,ORD00081,Orchid,1,New,110,20.53,,20260328-215234
ord982,ORD00082,Orchid,2,New,120,20.63,,20260328-215234
ord983,ORD00083,Orchid,1,New,130,20.47,,20260328-215234
ord984,ORD00084,Orchid,2,New,140,20.67,,20260328-215234
ord985,ORD00085,Orchid,1,New,150,20.57,,20260328-215234
ord986,ORD00086,Orchid,2,New,160,20.77,,20260328-215234
ord987,ORD00087,Orchid,1,New,170,20.51,,20260328-215234
ord988,ORD00088,Orchid,2,New,180,20.73,,20260328-215234
ord989,ORD00089,Orchid,1,New,190,20.59,,20260328-215234
ord990,ORD00090,Orchid,2,New,200,20.81,,20260328-215234
ord991,ORD00091,Lavender,1,New,110,5.13,,20260328-215234
ord992,ORD00092,Lavender,2,New,120,5.23,,20260328-215234
ord993,ORD00093,Lavender,1,New,130,5.07,,20260328-215234
ord994,ORD00094,Lavender,2,New,140,5.27,,20260328-215234
ord995,ORD00095,Lavender,1,New,150,5.11,,20260328-215234
ord996,ORD00096,Lavender,2,New,160,5.29,,20260328-215234
ord997,ORD00097,Lavender,1,New,170,5.09,,20260328-215234
ord998,ORD00098,Lavender,2,New,180,5.31,,20260328-215234
ord999,ORD00099,Lavender,1,New,190,5.16,,20260328-215234
ord1000,ORD00100,Lavender,2,New,200,5.32,,20260328-215234
